index,acc_x,acc_y,acc_z,gyr_x,gyr_y,gyr_z,fall
0,-0.2134292565947237,0.0599520383693045,-0.0527577937649876,-0.0149094781682641,-0.0138445154419594,0.0181043663471778,0.0
1,-0.1079136690647466,-0.067146282973621,-0.1510791366906478,-0.0244941427050053,-0.0244941427050054,0.0085197018104366,0.0
2,0.0,0.0,0.0,-0.0031948881789138,0.0085197018104365,-0.0159744408945686,0.0
3,0.0,0.0335731414868107,-0.1223021582733814,-0.0074547390841321,-0.0010649627263046,0.002129925452609,0.0
4,0.0215827338129468,0.0287769784172662,-0.1007194244604319,0.0159744408945686,0.0106496272630458,0.0,0.0
5,-0.436450839328538,0.4124700239808154,-0.4892086330935239,0.0,-0.0170394036208733,-0.0383386581469648,0.0
6,0.2470023980815359,0.5179856115107913,0.4268585131894484,0.0010649627263046,-0.0085197018104365,-0.0085197018104365,0.0
7,0.1390887290167857,-0.0839328537170267,0.0767386091127098,-0.022364217252396,0.0149094781682641,0.0053248136315228,0.0
8,0.3237410071942443,-0.3117505995203837,0.3645083932853717,0.0138445154419595,-0.0010649627263046,-0.0085197018104365,0.0
9,-0.3381294964028773,-0.4292565947242206,-0.1942446043165466,0.0351437699680511,0.012779552715655,0.0021299254526092,0.0
10,-0.2254196642685855,0.1294964028776978,-0.5611510791366907,0.0244941427050053,-0.0255591054313098,0.0521831735889243,0.0
11,-0.014388489208633,0.0119904076738608,-0.007194244604316,0.0010649627263045,0.0010649627263046,-0.0010649627263046,0.0
12,0.0,-0.0023980815347721,0.028776978417266,0.0,0.0,-0.0021299254526091,0.0
13,-0.3141486810551566,0.0,0.2565947242206232,-0.0063897763578275,-0.0063897763578273,0.020234291799787,0.0
14,0.0119904076738617,-0.0431654676258994,0.4100719424460424,-0.0010649627263044,0.0287539936102236,0.0244941427050051,0.0
15,-0.0215827338129521,-0.0359712230215827,-0.0407673860911277,0.0063897763578273,0.007454739084132,0.0117145899893504,0.0
16,0.14388489208633,0.6858513189448439,0.5347721822541964,0.0394036208732694,-0.0564430244941426,0.0905218317358893,0.0
17,-0.0623501199040763,0.3165467625899281,0.0983213429256588,-0.0106496272630458,-0.012779552715655,0.0021299254526092,0.0
18,-0.0047961630695443,-0.0119904076738608,0.0191846522781773,-0.0010649627263046,0.0010649627263045,0.0010649627263046,0.0
19,0.0839328537170267,0.0431654676258994,-0.0095923261390886,0.0021299254526091,0.0010649627263045,-0.0031948881789137,0.0
20,-0.2230215827338124,-0.0215827338129492,-0.0239808153477225,0.0425985090521832,-0.0340788072417466,0.0351437699680511,0.0
21,-0.045563549160672,0.5467625899280577,0.4700239808153474,0.0181043663471779,0.0308839190628327,0.0,0.0
22,0.5179856115107917,-0.1918465227817748,0.1151079136690649,0.0319488817891374,0.0212992545260914,0.0191693290734824,0.0
23,-1.2637889688249402,0.3045563549160671,0.3549160671462825,-0.0138445154419595,0.0969116080937166,-0.0319488817891373,0.0
24,-0.1390887290167866,0.0263788968824942,0.1223021582733814,-0.0042598509052183,-0.0085197018104365,0.0,0.0
25,0.3357314148681052,0.0215827338129496,0.1366906474820144,0.0074547390841319,0.0021299254526092,0.0191693290734824,0.0
26,-0.1318944844124701,-0.0479616306954437,0.0695443645083937,0.0063897763578275,0.073482428115016,-0.0212992545260915,0.0
27,-0.0647482014388485,0.261390887290168,0.2829736211031175,-0.012779552715655,0.0085197018104365,-0.0351437699680511,0.0
28,0.5131894484412474,0.3453237410071942,0.6498800959232618,-0.0042598509052182,0.0159744408945686,-0.0436634717784878,0.0
29,-0.0239808153477234,0.0119904076738608,-0.0239808153477216,0.0,0.0021299254526092,0.0010649627263044,0.0
30,0.0,0.0,0.0,0.0212992545260916,0.0425985090521831,0.0255591054313099,0.0
31,-0.7050359712230208,0.1894484412470021,0.4556354916067147,0.0031948881789136,-0.1437699680511183,-0.0031948881789138,0.0
32,0.0,0.0,0.0,-0.0287539936102235,-0.0511182108626198,-0.0021299254526091,0.0
33,0.002398081534773,0.0095923261390887,0.0287769784172664,0.0170394036208732,-0.0106496272630458,0.0021299254526091,0.0
34,0.0047961630695452,0.0095923261390887,0.0239808153477216,-0.0031948881789138,0.0042598509052183,0.0031948881789138,0.0
35,0.0,0.0,0.0,-0.1288604898828541,0.0394036208732694,-0.0660276890308839,0.0
36,0.3357314148681052,0.1223021582733812,0.1462829736211048,-0.0138445154419594,0.0149094781682641,-0.0095846645367412,0.0
37,-0.1822541966426856,0.1031175059952038,0.0911270983213432,0.0010649627263045,0.0095846645367412,0.0053248136315229,0.0
38,0.016786570743406,-0.167865707434053,0.0263788968824938,-0.0031948881789137,-0.0063897763578275,0.0042598509052182,0.0
39,0.2997601918465227,-0.1223021582733809,0.4196642685851319,0.0159744408945687,0.0692225772097976,-0.0298189563365282,0.0
40,0.0,0.0,0.0,0.0031948881789136,0.0543130990415337,-0.0628328008519702,0.0
41,0.0,-0.1606714628297363,-0.5707434052757794,0.0489882854100105,-0.0766773162939297,0.0127795527156551,0.0
42,0.2038369304556369,0.2661870503597121,0.1438848920863309,0.0,-0.053248136315229,0.0223642172523961,0.0
43,0.2110311750599542,-0.0263788968824939,0.1630695443645082,0.0021299254526092,0.0042598509052182,-0.0063897763578274,0.0
44,-0.1678657074340517,-0.0551558752997602,-0.1846522781774595,-0.0106496272630457,0.0053248136315229,0.0170394036208733,0.0
45,-0.0839328537170267,-0.0095923261390886,-0.014388489208633,0.0031948881789137,-0.0117145899893503,0.0095846645367412,0.0
46,-0.0887290167865701,-0.2110311750599525,-0.2134292565947246,0.0649627263045793,-0.040468583599574,0.0756123535676251,0.0
47,0.0,-0.074340527577938,-0.0935251798561154,-0.1277955271565494,0.0308839190628328,0.0415335463258786,0.0
48,0.0095923261390886,0.0,0.0095923261390877,0.0,-0.0010649627263046,0.0031948881789136,0.0
49,-0.0167865707434042,0.0071942446043165,0.0263788968824942,0.0,-0.0031948881789138,0.0010649627263044,0.0
50,2.086330935251799,0.146282973621103,0.8009592326139083,0.0,0.1214057507987221,-0.1363152289669861,0.0
51,0.0623501199040745,-0.0767386091127098,0.0119904076738608,0.0,-0.0106496272630458,0.0010649627263046,0.0
52,0.2541966426858506,-0.3549160671462828,0.390887290167865,0.0127795527156551,0.0138445154419594,0.0042598509052182,0.0
53,0.0,0.0,0.0,0.027689030883919,0.0202342917997869,0.0234291799787008,0.0
54,0.0,0.0,0.0,-0.0117145899893503,-0.0234291799787007,-0.0117145899893503,0.0
55,-3.8992805755395694,0.8609112709832134,0.1534772182254187,-0.1288604898828541,0.4238551650692225,-0.0298189563365281,0.0
56,-0.2541966426858515,-0.1294964028776979,-0.247002398081535,-0.0383386581469649,-0.0159744408945687,-0.0191693290734824,0.0
57,-0.014388489208633,-0.028776978417266,0.0383693045563551,-0.0010649627263045,0.0,0.0,0.0
58,1.4076738609112711,-0.2446043165467628,0.1870503597122302,0.0234291799787007,-0.1277955271565495,0.012779552715655,0.0
59,0.0791366906474806,-0.1247002398081535,-0.014388489208633,0.0010649627263046,-0.0085197018104365,0.0181043663471778,0.0
60,-0.0647482014388494,0.0359712230215834,-0.1318944844124692,-0.0095846645367412,-0.0362087326943557,-0.007454739084132,0.0
61,-0.0263788968824965,0.0599520383693055,0.2014388489208633,0.0031948881789136,-0.0106496272630458,-0.0063897763578275,0.0
62,0.0119904076738617,0.0,0.0119904076738608,0.0021299254526091,-0.002129925452609,-0.0010649627263046,0.0
63,-0.0383693045563549,-0.0095923261390886,0.0239808153477216,-0.007454739084132,0.0053248136315229,-0.0159744408945687,0.0
64,0.1918465227817742,-0.1294964028776978,0.2973621103117505,0.0106496272630458,-0.0191693290734824,0.0191693290734824,0.0
65,-0.3645083932853721,0.3261390887290165,-0.5155875299760195,-0.0447284345047924,-0.0670926517571885,-0.1001064962726305,0.0
66,-0.0143884892086312,0.040767386091127,0.0119904076738612,0.0021299254526092,-0.0021299254526091,0.0042598509052182,0.0
67,0.0,0.0,0.0,-0.0298189563365282,-0.0553780617678381,-0.0191693290734824,0.0
68,-0.0647482014388494,-0.0599520383693046,0.9328537170263792,-0.0106496272630458,0.0947816826411074,-0.0127795527156548,0.0
69,0.0,0.0,0.0,-0.0138445154419594,0.0628328008519702,0.0074547390841321,0.0
70,0.0503597122302155,0.028776978417266,0.0239808153477216,0.0042598509052182,-0.020234291799787,0.0085197018104365,0.0
71,-0.0431654676259007,0.0599520383693044,-0.0215827338129495,-0.0010649627263045,0.0063897763578274,0.02555910543131,0.0
72,0.0695443645083937,0.0815347721822545,-0.7937649880095927,-0.0127795527156548,-0.0010649627263044,-0.0308839190628327,0.0
73,-0.0335731414868103,-2.0671462829736207,1.3836930455635494,0.0362087326943557,-0.0042598509052182,0.161874334398296,0.0
74,0.0815347721822536,0.026378896882494,-0.074340527577938,-0.0138445154419594,0.0266240681576145,-0.0085197018104365,0.0
75,0.4268585131894484,0.2877697841726619,-0.0095923261390888,-0.0095846645367412,-0.0266240681576144,-0.0170394036208733,0.0
76,0.0,0.0,0.0,0.0138445154419596,-0.3961661341853038,-0.0095846645367412,0.0
77,0.1007194244604319,-0.0527577937649881,0.3836930455635503,-0.0085197018104365,0.027689030883919,-0.0202342917997869,0.0
78,0.3429256594724226,-0.0287769784172662,-0.1630695443645082,0.0191693290734824,0.0053248136315228,0.0223642172523962,0.0
79,0.1630695443645091,-0.0359712230215827,0.4364508393285371,0.0117145899893504,0.0362087326943557,0.0085197018104366,0.0
80,0.0503597122302164,-0.2086330935251797,0.0191846522781782,0.0212992545260916,0.0202342917997869,0.0,0.0
81,-0.3117505995203833,0.3884892086330933,-0.1270983213429257,-0.0181043663471777,-0.0117145899893503,-0.0990415335463259,0.0
82,-0.0311750599520372,0.1438848920863313,-0.0239808153477216,0.0212992545260916,0.0010649627263046,0.0127795527156548,0.0
83,0.0,0.0,0.0,0.0063897763578275,0.0053248136315228,-0.0298189563365282,0.0
84,0.0,0.0,0.0,-0.0170394036208732,-0.0170394036208731,-0.0149094781682641,0.0
85,-0.8872901678657064,-0.2230215827338133,-0.1894484412470025,-0.0138445154419594,-0.0202342917997869,0.0308839190628327,0.0
86,-0.9808153477218228,-0.92565947242206,-0.4628297362110309,-0.0063897763578274,-0.0159744408945686,-0.2779552715654952,0.0
87,-0.0023980815347712,0.1031175059952038,0.0647482014388494,-0.0021299254526091,-0.0063897763578274,-0.0010649627263045,0.0
88,-0.0479616306954451,-0.0311750599520381,-0.2278177458033585,-0.0212992545260914,-0.1011714589989349,-0.0159744408945686,0.0
89,0.043165467625899,0.0215827338129503,-0.0215827338129495,-0.0010649627263045,-0.0031948881789138,-0.0021299254526091,0.0
90,-1.565947242206235,-0.1223021582733814,-0.7146282973621102,0.005324813631523,-0.1054313099041537,-0.0308839190628327,0.0
91,-0.0119904076738599,0.0,-0.0119904076738612,0.0010649627263045,0.0,-0.0010649627263046,0.0
92,-0.187050359712229,-0.1103117505995205,-0.1366906474820144,0.0415335463258786,-0.0670926517571885,0.0191693290734824,0.0
93,0.0,0.0,0.0,-0.020234291799787,-0.0170394036208732,-0.0276890308839191,0.0
94,0.0071942446043169,-0.1199040767386092,-0.3021582733812948,0.0,0.0063897763578274,-0.0575079872204473,0.0
95,0.0,0.0,0.0,-0.0255591054313099,0.1586794462193825,-0.0340788072417465,0.0
96,0.0,0.0,0.0,0.0266240681576143,0.0543130990415335,0.0319488817891374,0.0
97,-0.3069544364508392,0.3165467625899283,-0.1318944844124698,0.0138445154419594,-0.0596379126730565,-0.0457933972310969,0.0
98,0.1270983213429257,-0.2805755395683453,-0.3045563549160679,0.0085197018104366,0.0170394036208732,0.0063897763578275,0.0
99,-0.0671462829736206,-0.0287769784172664,0.0935251798561136,0.0149094781682641,0.0031948881789137,-0.0138445154419595,0.0
100,0.0,0.0,0.0,0.0127795527156548,0.0628328008519701,0.0394036208732694,0.0
101,0.0119904076738599,-0.1366906474820144,0.0983213429256593,0.0117145899893504,0.0010649627263045,0.0063897763578274,0.0
102,-0.1294964028776979,0.2302158273381296,-0.2302158273381294,0.0212992545260916,-0.0010649627263045,0.0106496272630458,0.0
103,-0.3357314148681061,0.105515587529976,-0.4028776978417276,-0.0010649627263045,0.0138445154419595,0.0127795527156548,0.0
104,-0.0695443645083937,-0.0575539568345324,-0.071942446043165,0.0010649627263045,-0.0191693290734824,0.0053248136315229,0.0
105,-0.1055155875299735,0.2206235011990407,0.1558752997601917,-0.007454739084132,-0.0255591054313099,0.0021299254526091,0.0
106,-0.0983213429256595,0.2302158273381295,-0.5419664268585134,-0.0479233226837061,-0.0425985090521832,0.0181043663471779,0.0
107,0.0,0.0,0.0,0.0170394036208733,0.014909478168264,-0.0319488817891373,0.0
108,0.0,0.0,0.0,-0.0149094781682641,-0.020234291799787,-0.0149094781682642,0.0
109,0.5611510791366907,-0.3717026378896882,0.4268585131894484,0.0649627263045793,-0.154419595314164,0.2247071352502662,0.0
110,0.0,0.0,0.0,0.0266240681576145,0.0362087326943557,0.0042598509052182,0.0
111,0.2517985611510784,-1.7458033573141485,-0.3788968824940042,0.2140575079872206,0.0766773162939297,0.068157614483493,0.0
112,0.0,0.0,0.0,0.0447284345047922,-0.0031948881789137,0.0095846645367412,0.0
113,-0.0599520383693041,0.1007194244604314,-0.0599520383693041,-0.0031948881789138,-0.0127795527156549,0.0,0.0
114,0.0,0.0,0.0,0.0287539936102236,-0.06283280085197,-0.0212992545260916,0.0
115,-0.1486810551558752,-0.0215827338129497,-0.3788968824940051,-0.0149094781682641,-0.0425985090521832,0.0255591054313099,0.0
116,0.0,0.0,0.0,-0.0127795527156548,-0.1267305644302449,-0.0223642172523961,0.0
117,-0.5035971223021587,0.3932853717026381,-0.1270983213429257,0.0106496272630458,0.0117145899893503,-0.0276890308839189,0.0
118,-0.7050359712230216,-0.0887290167865728,-0.0647482014388489,-0.0766773162939296,-0.0798722044728433,-0.0138445154419594,0.0
119,-0.1462829736211031,-0.2470023980815347,-0.088729016786571,0.0181043663471778,0.0117145899893503,0.007454739084132,0.0
120,-0.5299760191846525,-0.1007194244604317,-0.1510791366906474,-0.0149094781682643,0.0149094781682641,0.0095846645367413,0.0
121,0.117505995203837,0.0599520383693046,-0.0575539568345324,-0.0127795527156549,-0.0415335463258785,-0.0415335463258786,0.0
122,0.0,0.0,0.0,0.0063897763578273,-0.0117145899893503,0.0873269435569755,0.0
123,-0.270983213429254,-1.1774580335731415,0.2206235011990398,0.075612353567625,0.0106496272630458,0.0798722044728434,0.0
124,0.0,0.0,0.0,-0.0596379126730564,0.0117145899893504,0.0244941427050053,0.0
125,0.3405275779376495,-0.1390887290167866,-0.2973621103117496,0.0031948881789136,0.0031948881789136,-0.0181043663471778,0.0
126,0.0791366906474824,0.0647482014388485,-0.0143884892086328,-0.0010649627263045,-0.0042598509052182,-0.0042598509052182,0.0
127,-0.1366906474820144,-0.1558752997601922,-0.0575539568345337,0.0010649627263046,-0.0031948881789137,-0.007454739084132,0.0
128,0.0,0.0,0.0,0.0212992545260916,0.0159744408945686,0.0447284345047923,0.0
129,0.0743405275779376,0.1702637889688247,0.2997601918465218,0.0,0.020234291799787,-0.0042598509052184,0.0
130,0.0,0.0,0.0,0.0159744408945686,0.0649627263045793,-0.0862619808306709,0.0
131,0.1127098321342918,-0.0119904076738608,-0.0719424460431654,-0.0202342917997869,-0.0266240681576144,-0.0117145899893503,0.0
132,0.1510791366906474,-0.1654676258992804,0.1438848920863309,0.1565495207667728,0.0468583599574015,0.0223642172523962,0.0
133,0.4172661870503598,0.0575539568345323,0.0119904076738617,0.0042598509052182,0.0095846645367412,-0.020234291799787,0.0
134,0.3261390887290183,-0.2278177458033574,-0.1199040767386092,0.012779552715655,-0.0575079872204473,0.0511182108626198,0.0
135,-0.0647482014388494,-0.0119904076738608,-0.0023980815347717,0.012779552715655,0.0063897763578273,0.0063897763578275,0.0
136,-0.0407673860911277,-0.0455635491606711,-0.043165467625899,0.0063897763578273,0.0713525026624067,0.0010649627263046,0.0
137,0.014388489208633,0.0023980815347721,-0.014388489208633,0.0,-0.0010649627263046,0.0010649627263046,0.0
138,-0.0383693045563529,-0.0839328537170264,0.0359712230215829,-0.0010649627263046,0.0010649627263046,0.0010649627263046,0.0
139,0.1630695443645082,-0.1151079136690647,0.1462829736211031,0.0127795527156549,-0.0287539936102236,0.0415335463258786,0.0
140,0.014388489208633,0.2973621103117505,0.0791366906474824,0.0010649627263046,-0.0223642172523961,-0.0042598509052182,0.0
141,0.0215827338129495,0.7769784172661871,0.2278177458033585,0.0415335463258781,-0.020234291799787,0.0383386581469649,0.0
142,2.299760191846522,-0.2014388489208634,0.9040767386091124,0.0244941427050053,0.0915867944621938,0.035143769968051,0.0
143,-0.8417266187050361,-0.2374100719424459,-0.4196642685851319,0.0095846645367412,-0.1522896698615549,0.0575079872204472,0.0
144,-0.321342925659474,1.407673860911272,0.0167865707434047,0.0117145899893503,-0.1054313099041533,0.0489882854100106,0.0
145,-1.2949640287769757,0.7362110311750599,-0.450839328537171,-0.0521831735889244,-0.0095846645367412,0.0649627263045793,0.0
146,-0.0455635491606702,-0.2589928057553956,-0.2086330935251803,0.0042598509052182,0.0031948881789138,0.0021299254526092,0.0
147,3.520383693045564,0.96642685851319,-0.6211031175059952,0.002129925452609,-0.1959531416400425,0.11395101171459,0.0
148,-0.1534772182254196,-0.2781774580335729,0.0071942446043165,0.0085197018104367,0.0,0.0127795527156548,0.0
149,-0.1582733812949648,0.0623501199040767,-0.0767386091127102,-0.08839190628328,-0.0106496272630457,-0.0298189563365282,0.0
150,-0.0191846522781773,-0.1558752997601917,-0.0215827338129495,-0.0117145899893503,-0.0234291799787006,-0.0425985090521832,0.0
151,-0.0191846522781773,-0.316546762589928,0.0959232613908875,0.0138445154419595,-0.0340788072417466,0.0138445154419594,0.0
152,0.115107913669064,-0.043165467625899,-0.3477218225419662,-0.0053248136315228,-0.0212992545260915,-0.0042598509052183,0.0
153,-0.0671462829736206,0.2014388489208632,0.043165467625899,-0.0095846645367412,0.0106496272630457,-0.0149094781682641,0.0
154,0.0263788968824947,0.0071942446043165,0.0071942446043165,0.0031948881789137,-0.0042598509052182,-0.0031948881789136,0.0
155,-0.3956834532374094,0.040767386091127,-0.0551558752997589,-0.0106496272630457,0.0287539936102236,-0.0031948881789137,0.0
156,0.0479616306954433,-0.0311750599520383,0.0191846522781782,-0.0021299254526092,0.0159744408945686,-0.0063897763578275,0.0
157,0.014388489208633,-0.0095923261390886,-0.014388489208633,0.0010649627263045,0.0010649627263046,-0.0021299254526091,0.0
158,-0.261390887290168,-0.0671462829736206,-0.4148681055155876,-0.0181043663471778,0.0170394036208733,-0.0553780617678381,0.0
159,-0.0167865707434051,-0.1798561151079136,0.0047961630695443,0.0287539936102235,-0.0053248136315228,0.0031948881789137,0.0
160,-0.5995203836930472,0.2230215827338129,-0.5851318944844128,0.0117145899893504,-0.0372736954206602,-0.0244941427050054,0.0
161,0.0935251798561145,0.0047961630695441,0.117505995203837,-0.0074547390841319,0.0117145899893504,0.0031948881789138,0.0
162,-0.0959232613908871,0.0839328537170263,-0.0191846522781808,0.0074547390841319,0.020234291799787,0.0042598509052182,0.0
163,0.0,0.0,0.0,-0.0138445154419595,-0.0181043663471778,0.0308839190628327,0.0
164,0.275779376498801,0.1462829736211013,-0.103117505995204,-0.007454739084132,-0.0362087326943557,-0.0724174653887114,0.0
165,1.1103117505995197,0.0383693045563546,2.8537170263788987,-0.020234291799787,0.2598509052183173,-0.167199148029819,0.0
166,0.0839328537170267,0.0311750599520386,0.1510791366906474,0.012779552715655,-0.0021299254526092,0.0127795527156548,0.0
167,0.2853717026378897,0.3381294964028778,0.3333333333333339,0.0085197018104367,-0.0031948881789137,-0.0543130990415336,0.0
168,-0.0023980815347721,0.0215827338129496,0.0119904076738608,0.0042598509052184,0.0010649627263046,0.0021299254526091,0.0
169,0.0,0.0,0.0,0.0617678381256655,0.02555910543131,0.0053248136315228,0.0
170,0.103117505995204,-0.079136690647482,0.1750599520383708,0.0031948881789136,-0.0170394036208733,0.0244941427050053,0.0
171,0.4916067146282987,0.0239808153477216,0.0959232613908875,-0.0841320553780617,-0.0212992545260916,-0.0489882854100106,0.0
172,0.0,0.0,0.0,-0.0127795527156549,-0.1522896698615549,-0.0670926517571885,0.0
173,0.3525179856115112,-0.4076738609112706,0.3501199040767377,-0.0159744408945686,-0.0085197018104365,-0.0255591054313099,0.0
174,-0.0647482014388494,0.1247002398081534,-0.0791366906474815,0.0117145899893503,0.0127795527156549,0.014909478168264,0.0
175,0.1438848920863318,0.4556354916067144,0.1822541966426856,-0.0745473908413205,0.0447284345047923,-0.0511182108626198,0.0
176,0.0935251798561154,-0.0071942446043165,0.1055155875299762,-0.0010649627263044,0.0,0.0021299254526091,0.0
177,-0.6235011990407671,-0.1990407673860907,-0.9832134292565948,-0.0234291799787006,-0.0670926517571883,-0.0149094781682641,0.0
178,0.1342925659472422,0.1606714628297365,0.088729016786571,-0.0063897763578274,0.0106496272630456,-0.012779552715655,0.0
179,0.2925659472422062,-0.0719424460431659,0.1798561151079134,-0.0053248136315229,0.007454739084132,-0.0149094781682641,0.0
180,-0.0239808153477234,0.0599520383693046,0.0671462829736215,-0.0010649627263045,0.0010649627263044,-0.0042598509052182,0.0
181,0.1486810551558752,0.0983213429256595,-0.5947242206235015,0.0255591054313098,-0.0607028753993609,-0.0244941427050053,0.0
182,0.0,0.0,0.0,-0.027689030883919,0.0415335463258785,-0.0905218317358891,0.0
183,0.9568345323740992,-0.3069544364508393,-0.2110311750599525,0.0149094781682641,0.0745473908413205,0.0340788072417465,0.0
184,0.0,0.0,0.0,0.0298189563365281,0.0053248136315229,-0.0447284345047923,0.0
185,0.0,0.0,0.0,-0.0447284345047923,0.053248136315229,0.0159744408945687,0.0
186,0.0,0.0,0.0,-0.0138445154419595,-0.0181043663471778,0.0308839190628327,0.0
187,-0.0671462829736215,-0.0815347721822541,0.0815347721822545,-0.002129925452609,0.0053248136315228,-0.0159744408945687,0.0
188,0.2949640287769774,0.1630695443645084,-0.0383693045563546,-0.0010649627263046,-0.0042598509052182,0.0149094781682641,0.0
189,-0.074340527577938,0.0983213429256602,-0.0383693045563546,0.0095846645367412,0.0053248136315228,-0.0031948881789137,0.0
190,0.2709832134292567,1.1678657074340526,0.4172661870503598,0.0287539936102236,0.0734824281150159,-0.1395101171458999,0.0
191,0.0,0.0,0.0,0.012779552715655,-0.0521831735889243,0.0223642172523962,0.0
192,-0.2158273381294986,0.1822541966426858,-0.16546762589928,0.0255591054313099,0.002129925452609,-0.0063897763578275,0.0
193,0.0119904076738617,0.0,0.0,0.0,0.0010649627263045,-0.0021299254526091,0.0
194,-0.0407673860911271,0.251798561151079,-0.0191846522781773,-0.0159744408945686,0.012779552715655,0.0234291799787007,0.0
195,-0.4844124700239813,0.3477218225419664,0.3357314148681056,-0.0212992545260916,-0.0394036208732694,-0.0042598509052182,0.0
196,0.5179856115107917,-0.2517985611510784,0.4148681055155871,0.0117145899893504,0.0191693290734824,-0.0191693290734824,0.0
197,0.1366906474820144,-0.3141486810551561,0.1630695443645082,0.0244941427050053,0.0191693290734824,0.0362087326943556,0.0
198,0.1726618705035969,-0.3141486810551557,-0.6019184652278176,-0.0042598509052182,-0.0607028753993609,-0.106496272630458,0.0
199,0.0095923261390886,0.0191846522781773,0.0119904076738608,0.0010649627263045,0.0117145899893503,-0.0010649627263045,0.0
200,0.0,0.0,0.0,-0.0149094781682641,-0.0372736954206602,-0.02555910543131,0.0
201,-0.0143884892086312,0.0671462829736209,0.0383693045563549,0.0010649627263046,0.0021299254526091,0.0021299254526091,0.0
202,0.5659472422062333,-1.2350119904076735,-0.2997601918465218,0.2587859424920129,0.1033013844515441,0.0053248136315229,0.0
203,0.2589928057553958,-0.170263788968825,0.1223021582733814,0.0031948881789138,-0.0223642172523961,0.0170394036208733,0.0
204,-0.088729016786571,-0.091127098321343,-0.3645083932853721,-0.0010649627263046,-0.0127795527156548,0.0127795527156548,0.0
205,1.0935251798561154,1.0623501199040768,-0.3741007194244607,-0.0937167199148029,-0.0138445154419595,0.0436634717784878,0.0
206,-0.2877697841726618,0.057553956834532,-0.1510791366906476,-0.0085197018104366,-0.0681576144834931,-0.0010649627263046,0.0
207,-0.117505995203837,-0.0287769784172662,-0.1510791366906474,-0.007454739084132,-0.0298189563365282,0.0255591054313098,0.0
208,-0.8129496402877698,-0.7793764988009593,-0.9280575539568344,0.0660276890308839,-0.0415335463258786,0.0585729499467518,0.0
209,-2.5347721822541978,0.630695443645084,-0.1127098321342945,0.0063897763578275,0.0404685835995739,-0.0425985090521832,0.0
210,0.0911270983213423,-0.3812949640287768,0.0479616306954442,0.0,0.0,0.0596379126730565,0.0
211,-0.50599520383693,0.1534772182254198,0.3093525179856116,-0.0010649627263046,-0.0585729499467517,0.0159744408945687,0.0
212,-0.362110311750599,0.8465227817745795,-2.18465227817746,-0.0798722044728434,-0.0702875399361022,-0.08839190628328,0.0
213,0.8968824940047959,0.028776978417266,0.0119904076738608,0.0287539936102236,-0.2076677316293929,-0.0063897763578275,0.0
214,0.0,0.0,0.0,-0.0340788072417465,-0.0095846645367412,0.0117145899893503,0.0
215,-0.1510791366906474,-0.1870503597122302,-0.3669064748201442,-0.0649627263045794,0.0500532481363152,0.0085197018104365,0.0
216,0.2086330935251803,0.3501199040767386,0.0935251798561149,-0.0276890308839191,0.0159744408945687,0.0042598509052182,0.0
217,0.7050359712230212,-0.522781774580336,-1.949640287769784,-0.0394036208732694,0.0287539936102235,0.1182108626198082,0.0
218,0.0095923261390886,-0.0407673860911277,-0.0023980815347721,-0.0031948881789137,0.0010649627263045,0.0010649627263046,0.0
219,0.376498800959232,0.4892086330935257,0.6426858513189453,0.0276890308839191,0.0788072417465388,-0.0724174653887114,0.0
220,0.028776978417266,0.0455635491606714,-0.1846522781774582,-0.0063897763578275,-0.0362087326943557,0.0298189563365282,0.0
221,0.0,0.0,0.0,0.012779552715655,-0.0521831735889243,0.0223642172523962,0.0
222,-2.163069544364509,0.0839328537170263,0.935251798561151,-0.0575079872204473,-0.2183173588924387,-0.1959531416400426,0.0
223,0.8992805755395672,0.0071942446043165,-0.3525179856115112,-0.0681576144834932,-0.0117145899893503,-0.0383386581469648,0.0
224,0.0,0.0,0.0,0.0564430244941427,-0.0607028753993611,0.071352502662407,0.0
225,0.0,0.0,0.0,-0.0181043663471778,-0.1533546325878594,-0.0468583599574015,0.0
226,-0.5563549160671482,-0.3597122302158277,-0.0671462829736215,-0.0170394036208733,-0.0202342917997871,-0.0447284345047923,0.0
227,-0.1199040767386083,0.2470023980815348,-0.0551558752997602,-0.0063897763578273,-0.040468583599574,0.0106496272630458,0.0
228,-0.0287769784172662,-0.043165467625899,-0.0263788968824947,0.0021299254526092,-0.0053248136315229,-0.0053248136315228,0.0
229,0.0119904076738608,-0.2997601918465225,-0.1318944844124701,-0.0159744408945686,0.0117145899893503,-0.020234291799787,0.0
230,0.3788968824940051,0.117505995203837,-0.606714628297361,-0.007454739084132,-0.0085197018104365,-0.0532481363152289,0.0
231,0.002398081534773,-0.0215827338129497,0.0359712230215825,0.0053248136315228,0.0010649627263046,0.0021299254526091,0.0
232,-0.3237410071942452,0.2494004796163071,-0.0191846522781773,-0.0234291799787008,-0.0053248136315228,-0.0564430244941427,0.0
233,0.0,-0.184652278177458,0.0023980815347723,0.0106496272630457,-0.0127795527156548,0.0191693290734824,0.0
234,0.0,0.0,0.0,0.0042598509052184,-0.0489882854100107,-0.0159744408945687,0.0
235,0.0095923261390886,0.0191846522781773,-0.0239808153477216,-0.0106496272630457,0.0,-0.0021299254526091,0.0
236,1.3693045563549138,-0.1942446043165467,-0.3189448441247005,0.047923322683706,-0.2034078807241747,0.0138445154419595,0.0
237,0.5635491606714629,0.1726618705035969,0.0647482014388485,-0.0063897763578274,0.0766773162939297,-0.0681576144834931,0.0
238,0.1055155875299762,0.3453237410071941,-0.1438848920863318,-0.0330138445154419,0.0031948881789138,-0.0117145899893502,0.0
239,0.1342925659472422,0.0167865707434051,-0.0599520383693041,-0.0362087326943557,0.0223642172523961,-0.0170394036208732,0.0
240,-2.537170263788969,0.0311750599520372,-2.3956834532374067,-0.0425985090521831,0.2151224707135249,-0.2087326943556976,0.0
241,-0.565947242206235,1.4652278177458031,-0.3788968824940051,-0.0788072417465388,-0.0095846645367412,-0.1746538871139513,0.0
242,0.0,0.0,0.0,0.0521831735889243,-1.743343982960597,-0.1299254526091587,0.0
243,0.0,0.0263788968824938,0.0023980815347721,0.0021299254526091,0.0,0.0010649627263044,0.0
244,0.0071942446043156,-0.0119904076738608,0.594724220623501,-0.0127795527156548,0.0830670926517571,0.0745473908413204,0.0
245,-0.2422062350119915,-0.1414868105515583,-0.1846522781774577,0.0234291799787007,0.0138445154419595,0.0436634717784878,0.0
246,0.0,0.0,0.0,-0.0063897763578274,-0.0266240681576145,-0.0340788072417466,0.0
247,0.0,0.0,0.0,0.0638977635782748,-0.0117145899893504,0.0010649627263046,0.0
248,0.103117505995204,-0.052757793764988,0.0815347721822545,-0.0085197018104365,-0.0234291799787006,0.0095846645367412,0.0
249,-0.1510791366906474,0.0983213429256593,0.0743405275779376,0.007454739084132,-0.0117145899893504,0.0,0.0
250,-0.2038369304556369,0.0287769784172662,0.2206235011990402,-0.0127795527156548,0.0308839190628327,-0.012779552715655,0.0
251,-0.1726618705035969,-0.3501199040767387,0.6115107913669062,-0.0042598509052182,0.0394036208732694,-0.0638977635782747,0.0
252,0.0,0.0,0.0,-0.0212992545260916,0.0095846645367412,0.0202342917997869,0.0
253,-0.2805755395683427,0.2637889688249402,-0.5587529976019181,0.0202342917997869,-0.0543130990415335,-0.0042598509052183,0.0
254,-0.1247002398081527,0.0191846522781771,-0.1870503597122299,0.007454739084132,-0.022364217252396,0.0031948881789137,0.0
255,0.0,0.0,0.0,-0.0298189563365283,0.0425985090521831,-0.0436634717784877,0.0
256,0.0791366906474815,-0.4652278177458031,-0.3333333333333321,-0.1086261980830671,0.0489882854100107,-0.0777422790202343,0.0
257,-0.0623501199040772,-0.0167865707434052,0.0,0.0010649627263046,-0.0138445154419595,-0.0042598509052183,0.0
258,0.5155875299760195,-0.2805755395683453,-0.6115107913669071,-0.0095846645367412,0.0063897763578275,-0.0468583599574014,0.0
259,-0.016786570743406,0.0191846522781773,-0.0023980815347721,0.0,-0.0031948881789138,0.0,0.0
260,0.1103117505995205,-0.1247002398081535,0.117505995203837,-0.0074547390841319,-0.0138445154419594,-0.0063897763578274,0.0
261,-0.0119904076738608,0.0719424460431654,0.028776978417266,-0.0212992545260916,-0.0053248136315229,-0.0106496272630458,0.0
262,0.0959232613908873,-0.0863309352517984,0.1726618705035969,0.0042598509052182,-0.0191693290734824,0.0074547390841321,0.0
263,-0.7002398081534782,-0.4964028776978422,-0.2494004796163089,0.0031948881789138,0.0713525026624068,0.0074547390841319,0.0
264,-0.2781774580335732,-0.0023980815347721,-0.0551558752997607,-0.0138445154419594,0.0425985090521832,-0.0095846645367412,0.0
265,-0.0119904076738617,-0.0671462829736211,-0.0239808153477216,-0.0063897763578275,-0.0095846645367411,-0.0191693290734824,0.0
266,-0.0071942446043165,-0.0047961630695443,-0.0311750599520381,-0.0085197018104365,0.0063897763578275,-0.0095846645367412,0.0
267,0.0047961630695443,-0.0407673860911277,0.0119904076738612,0.0010649627263045,0.0,0.0,0.0
268,-0.1654676258992822,0.0383693045563546,0.0551558752997607,-0.020234291799787,0.0085197018104366,-0.0266240681576145,0.0
269,-0.0071942446043156,0.0167865707434053,0.0071942446043165,-0.002129925452609,0.0085197018104366,0.0053248136315229,0.0
270,0.2446043165467625,0.0767386091127098,0.2853717026378906,0.0223642172523962,0.0415335463258786,0.0063897763578274,0.0
271,-0.0359712230215825,0.0623501199040767,-0.0191846522781773,-0.0042598509052182,-0.0117145899893503,-0.0106496272630458,0.0
272,-0.796163069544364,-0.7290167865707433,-0.5299760191846525,0.0415335463258785,-0.0383386581469649,0.1011714589989351,0.0
273,0.0359712230215834,-0.0119904076738608,0.0047961630695438,-0.0010649627263045,0.0010649627263046,0.002129925452609,0.0
274,-0.0407673860911277,0.0023980815347721,-0.0191846522781777,0.0010649627263045,0.0,-0.0010649627263044,0.0
275,0.0,0.0,0.0,-0.0010649627263046,0.0319488817891374,-0.0255591054313099,0.0
276,0.0,0.0,0.0,-0.0244941427050053,-0.0266240681576144,-0.0021299254526092,0.0
277,-0.2973621103117523,0.0,0.0647482014388494,-0.0010649627263045,0.0031948881789136,0.0053248136315229,0.0
278,-0.1270983213429257,-0.079136690647482,-0.0311750599520372,-0.0053248136315229,0.0063897763578275,0.007454739084132,0.0
279,-0.002398081534773,0.0095923261390888,0.002398081534773,-0.0010649627263046,0.0031948881789137,0.0031948881789137,0.0
280,-0.016786570743406,-0.0095923261390886,0.011990407673861,-0.0074547390841321,-0.0010649627263046,0.0053248136315229,0.0
281,1.0719424460431632,0.2853717026378897,0.8345323741007196,0.0745473908413205,0.0138445154419595,-0.0287539936102236,0.0
282,0.2254196642685872,0.1846522781774577,0.3285371702637891,0.0596379126730565,0.0394036208732694,0.0276890308839191,0.0
283,-0.0647482014388494,0.2661870503597123,-0.9904076738609122,-0.0457933972310969,-0.0788072417465389,-0.0063897763578275,0.0
284,-0.1103117505995197,0.1414868105515587,-0.0815347721822545,0.0117145899893504,0.0053248136315228,0.0042598509052182,0.0
285,0.0623501199040781,0.1175059952038368,-0.223021582733816,-0.0053248136315229,0.035143769968051,0.0244941427050052,0.0
286,0.0,0.0,0.0,0.0074547390841321,0.0383386581469649,0.0468583599574015,0.0
287,0.0,0.0,0.0,0.0468583599574015,0.0042598509052184,-0.0074547390841321,0.0
288,-0.3165467625899261,0.6858513189448441,-0.8009592326139092,0.0234291799787006,0.0063897763578273,0.0085197018104365,0.0
289,0.0,0.0,0.0,0.0372736954206602,-0.0649627263045793,-0.0244941427050053,0.0
290,-0.3980815347721815,0.0815347721822536,-0.074340527577938,-0.0042598509052181,0.0138445154419594,0.0085197018104367,0.0
291,2.0263788968824947,5.573141486810552,-1.9304556354916071,0.1256656017039404,-0.5505857294994674,-0.2129925452609158,0.0
292,0.2709832134292558,-0.369304556354916,0.0695443645083933,-0.0031948881789137,-0.0362087326943557,0.0159744408945687,0.0
293,-0.016786570743406,0.0047961630695443,0.0,0.0,0.0,0.0,0.0
294,0.0095923261390886,0.1055155875299759,-0.0191846522781773,-0.0085197018104367,0.0,0.0042598509052182,0.0
295,1.510791366906476,-0.0983213429256595,-0.2014388489208631,0.0500532481363151,-0.0500532481363151,0.027689030883919,0.0
296,-0.1438848920863309,0.450839328537171,0.0623501199040754,0.0191693290734825,0.0223642172523962,0.033013844515442,0.0
297,0.1870503597122308,0.0911270983213423,0.0695443645083937,-0.1001064962726303,0.0212992545260916,-0.0543130990415334,0.0
298,0.0383693045563555,0.0815347721822541,0.2134292565947237,-0.0042598509052182,0.0117145899893503,-0.0117145899893503,0.0
299,-0.0143884892086347,0.0743405275779376,-0.0191846522781773,0.0117145899893503,-0.0010649627263046,-0.0031948881789136,0.0
300,-0.3453237410071956,-0.3980815347721822,1.937649880095924,-0.0095846645367412,0.3759318423855163,-0.0095846645367412,0.0
301,0.1798561151079134,0.1918465227817742,0.0743405275779376,-0.0053248136315229,0.0244941427050053,-0.0095846645367412,0.0
302,-0.2062350119904046,0.0719424460431654,-0.0959232613908871,-0.0042598509052184,0.0095846645367412,-0.0053248136315229,0.0
303,-0.0359712230215825,-0.0047961630695443,-0.0407673860911277,-0.0117145899893503,-0.0170394036208733,0.0,0.0
304,-0.2038369304556346,0.2709832134292566,0.1103117505995205,-0.06283280085197,-0.0372736954206602,-0.0468583599574017,0.0
305,0.1366906474820139,-0.1510791366906474,0.4844124700239778,0.0425985090521832,0.007454739084132,0.0,0.0
306,0.002398081534773,0.0191846522781782,-0.0191846522781768,0.0,-0.0021299254526092,0.0,0.0
307,-0.5323741007194247,-0.0431654676258993,-0.0623501199040772,-0.012779552715655,0.0,0.0319488817891373,0.0
308,-0.0671462829736206,0.1294964028776979,-0.1414868105515587,0.0031948881789137,-0.0223642172523961,0.0149094781682641,0.0
309,-0.1318944844124665,0.2470023980815349,-0.3333333333333335,-0.0702875399361022,-0.0181043663471778,-0.0670926517571884,0.0
310,0.002398081534773,-0.014388489208633,-0.0047961630695443,0.0,-0.0021299254526091,0.0,0.0
311,0.0,0.0,0.0,0.0404685835995739,-0.1778487752928647,0.0670926517571884,0.0
312,0.0,0.0,0.0,-0.0362087326943557,-0.0404685835995739,0.0170394036208733,0.0
313,0.0,0.0,0.0,-0.0159744408945687,-0.047923322683706,-0.0106496272630457,0.0
314,0.0935251798561154,0.184652278177458,0.0191846522781777,-0.0042598509052182,-0.0298189563365282,0.0191693290734824,0.0
315,-0.2014388489208638,0.0719424460431654,0.1270983213429257,-0.0202342917997869,-0.0117145899893504,-0.0266240681576145,0.0
316,1.1127098321342932,0.040767386091127,-0.4412470023980814,-0.0830670926517573,-0.0447284345047924,0.0063897763578275,0.0
317,0.1630695443645082,0.0479616306954437,0.1846522781774577,0.0053248136315229,-0.007454739084132,0.0085197018104366,0.0
318,0.0,0.0,0.0,-0.0415335463258785,0.0340788072417464,0.0042598509052182,0.0
319,0.0095923261390886,-0.0335731414868099,-0.0335731414868103,-0.0031948881789136,0.0021299254526092,-0.0095846645367412,0.0
320,-0.913669064748202,0.9016786570743412,-1.450839328537171,0.0021299254526091,0.0447284345047926,-0.099041533546326,0.0
321,0.4364508393285398,0.0023980815347721,0.3213429256594722,0.0053248136315228,0.0276890308839191,0.0319488817891374,0.0
322,0.028776978417266,0.196642685851319,-0.2038369304556355,-0.0596379126730564,0.0063897763578274,-0.0500532481363152,0.0
323,0.0215827338129495,-0.0359712230215827,-0.0095923261390888,-0.0021299254526092,-0.0457933972310969,-0.0330138445154419,0.0
324,-0.0119904076738599,0.014388489208633,0.0191846522781773,0.0010649627263045,0.0,0.0010649627263044,0.0
325,0.7889688249400484,0.0575539568345329,0.6426858513189426,-0.0053248136315228,0.0489882854100106,-0.0127795527156551,0.0
326,0.0647482014388485,0.1438848920863309,-0.6834532374100721,-0.007454739084132,-0.0298189563365283,-0.0777422790202343,0.0
327,1.7577937649880084,0.6426858513189453,0.2541966426858515,-0.0159744408945686,-0.1171458998935037,-0.0596379126730564,0.0
328,-0.1079136690647484,0.014388489208633,0.0815347721822545,-0.0042598509052182,-0.007454739084132,-0.0031948881789137,0.0
329,-0.1918465227817769,0.0095923261390895,0.086330935251798,-0.0191693290734824,0.0085197018104365,-0.0031948881789136,0.0
330,-0.0551558752997598,0.0863309352517984,-0.0455635491606711,0.0244941427050053,-0.0095846645367412,0.0042598509052183,0.0
331,0.1630695443645073,-0.1558752997601917,-0.1342925659472422,0.0031948881789137,0.0308839190628327,-0.0106496272630458,0.0
332,-1.6139088729016748,-1.4892086330935257,-0.2086330935251794,0.0521831735889243,-0.0958466453674122,0.1171458998935037,0.0
333,-0.088729016786571,0.2494004796163069,-0.0575539568345329,0.0,0.0010649627263046,-0.0298189563365282,0.0
334,0.0,0.0,0.0,0.0170394036208733,0.014909478168264,-0.0319488817891373,0.0
335,-0.4412470023980814,0.0047961630695445,-0.6786570743405269,0.0010649627263046,-0.0010649627263046,-0.020234291799787,0.0
336,0.0,0.0,0.0,0.0468583599574015,0.0798722044728434,0.0010649627263046,0.0
337,0.4484412470023979,-0.4892086330935252,-0.0503597122302159,0.0212992545260915,-0.0031948881789136,0.0564430244941427,0.0
338,0.0,0.0,0.0,0.0,-0.0926517571884983,0.0117145899893503,0.0
339,-0.2853717026378897,0.086330935251798,-0.0335731414868103,-0.0372736954206603,-0.1309904153354633,-0.1288604898828541,0.0
340,1.007194244604316,-0.5755395683453237,0.4628297362110309,0.0223642172523962,-0.0319488817891372,-0.0319488817891373,0.0
341,0.0,0.0,0.0,-0.0436634717784878,0.007454739084132,-0.0042598509052182,0.0
342,-0.0743405275779371,-0.0455635491606711,0.071942446043165,-0.0042598509052182,0.0010649627263045,0.0085197018104365,0.0
343,0.0,0.0,0.0,-0.012779552715655,0.0266240681576144,0.0298189563365281,0.0
344,0.028776978417266,0.0167865707434051,0.014388489208633,0.0010649627263045,0.0010649627263046,-0.002129925452609,0.0
345,-0.0911270983213441,0.4460431654676258,-0.211031175059952,-0.0181043663471778,0.0447284345047923,0.0521831735889244,0.0
346,0.014388489208633,0.0791366906474824,0.105515587529976,0.0074547390841321,0.007454739084132,-0.0266240681576145,0.0
347,0.2014388489208638,-0.0407673860911268,0.1127098321342927,0.012779552715655,0.0244941427050052,0.0340788072417466,0.0
348,0.0,0.0,0.0,0.035143769968051,-0.0095846645367412,0.007454739084132,0.0
349,0.0695443645083928,0.0743405275779378,0.057553956834532,-0.0117145899893504,0.0127795527156548,0.0191693290734824,0.0
350,-0.8345323741007196,0.2134292565947237,-2.091127098321339,-0.0894568690095846,0.0468583599574015,-0.2790202342917998,0.0
351,-0.1678657074340552,-0.1223021582733814,-0.0095923261390895,-0.0351437699680511,0.0202342917997869,-0.0095846645367412,0.0
352,0.1270983213429257,-0.3573141486810551,-0.179856115107913,-0.0330138445154419,-0.0553780617678381,0.0127795527156548,0.0
353,-0.031175059952039,0.0623501199040767,0.0215827338129499,0.0031948881789136,-0.007454739084132,0.007454739084132,0.0
354,-0.0191846522781773,-0.0023980815347721,0.0047961630695438,-0.002129925452609,0.0,0.0,0.0
355,0.002398081534773,-0.0767386091127098,0.0575539568345324,0.0181043663471779,-0.0255591054313099,0.0085197018104365,0.0
356,-0.1702637889688238,-0.3549160671462825,-0.0167865707434056,0.0244941427050052,-0.1480298189563365,0.012779552715655,0.0
357,0.0935251798561154,-0.2446043165467628,0.1247002398081531,0.0053248136315229,-0.0063897763578275,-0.0298189563365282,0.0
358,0.028776978417266,-0.0119904076738608,0.0407673860911277,0.0010649627263045,-0.0021299254526092,0.0031948881789136,0.0
359,0.2494004796163063,-0.0167865707434051,0.1438848920863309,0.0319488817891372,-0.0681576144834931,-0.027689030883919,0.0
360,0.1055155875299753,-0.1007194244604314,-0.4844124700239804,0.0127795527156549,0.0085197018104365,-0.0106496272630457,0.0
361,0.0551558752997607,0.0,0.0887290167865701,0.0010649627263045,0.0010649627263046,0.0106496272630458,0.0
362,0.4844124700239804,0.1247002398081535,0.2038369304556351,-0.0223642172523962,-0.0106496272630457,0.0223642172523961,0.0
363,-0.2014388489208629,-0.0983213429256593,-0.2517985611510793,0.007454739084132,-0.0085197018104367,-0.0053248136315229,0.0
364,0.2565947242206237,-0.3908872901678657,-0.1366906474820144,0.0,-0.0159744408945686,0.040468583599574,0.0
365,0.1199040767386092,-0.1270983213429256,0.0239808153477252,0.0063897763578275,0.0031948881789137,-0.0063897763578273,0.0
366,0.0407673860911277,-0.1270983213429257,-0.1055155875299762,-0.0149094781682641,-0.0394036208732694,-0.0340788072417464,0.0
367,0.0119904076738617,-0.0671462829736211,0.011990407673861,0.002129925452609,-0.0010649627263046,-0.0053248136315228,0.0
368,-0.1127098321342923,-0.2134292565947242,0.1798561151079116,0.0063897763578275,0.0308839190628328,0.0181043663471777,0.0
369,0.0767386091127102,-0.040767386091127,0.0551558752997598,0.0106496272630457,0.0085197018104365,0.0106496272630457,0.0
370,0.1270983213429257,0.0407673860911268,0.3669064748201434,-0.1554845580404689,0.0138445154419595,-0.0212992545260914,0.0
371,0.0935251798561154,-0.2302158273381296,-0.2973621103117509,-0.0106496272630458,0.0053248136315229,-0.0053248136315228,0.0
372,-0.4556354916067153,0.1127098321342918,-0.5275779376498804,-0.093716719914803,0.0628328008519701,-0.0394036208732694,0.0
373,0.014388489208633,-0.4268585131894484,-0.0503597122302155,0.0,0.0181043663471778,0.0085197018104365,0.0
374,0.0,0.0,0.0,-0.0010649627263044,-0.0244941427050052,-0.0266240681576145,0.0
375,-0.0047961630695461,-0.0095923261390886,0.0119904076738608,0.0,0.0010649627263046,0.0010649627263044,0.0
376,0.0,0.0,0.0,0.0447284345047923,0.0511182108626197,-0.0159744408945687,0.0
377,-0.0047961630695461,0.0143884892086331,0.0287769784172664,0.0010649627263046,-0.0031948881789136,0.0,0.0
378,-0.537170263788969,0.0239808153477217,0.1223021582733814,-0.0170394036208732,0.0362087326943557,-0.0085197018104367,0.0
379,0.3141486810551566,-0.2805755395683453,0.3117505995203835,0.040468583599574,-0.0617678381256655,0.134185303514377,0.0
380,0.0,0.0,0.0,0.0298189563365282,0.012779552715655,-0.0319488817891372,0.0
381,0.1294964028776979,0.0743405275779376,0.0599520383693059,-0.0010649627263046,0.007454739084132,-0.0181043663471778,0.0
382,-0.0095923261390886,0.0119904076738608,0.0047961630695447,-0.0010649627263045,0.0,0.0010649627263046,0.0
383,0.6786570743405269,0.4172661870503598,0.465227817745804,-0.0223642172523961,0.0191693290734824,0.0149094781682641,0.0
384,0.0,0.0,0.0,-0.0191693290734824,-1.4398296059637912,-0.0063897763578275,0.0
385,-0.2709832134292567,-0.1894484412470024,-0.4316546762589928,-0.0212992545260916,0.0276890308839189,0.002129925452609,0.0
386,0.0,0.0,0.0,0.0372736954206602,-0.0287539936102236,0.1171458998935037,0.0
387,1.251798561151079,-0.1630695443645082,0.9016786570743412,0.0436634717784877,-0.0308839190628328,0.0340788072417465,0.0
388,-0.002398081534773,-0.0095923261390886,-0.0239808153477216,-0.0010649627263045,-0.0010649627263045,0.0010649627263044,0.0
389,0.1007194244604292,-0.0719424460431654,0.0647482014388489,0.0287539936102236,0.0053248136315229,0.0244941427050054,0.0
390,0.606714628297361,-1.261390887290168,1.417266187050359,0.101171458998935,0.0638977635782747,0.1128860489882853,0.0
391,-0.5635491606714638,-0.3980815347721824,-0.1127098321342924,-0.1565495207667733,-0.0585729499467519,-0.0873269435569755,0.0
392,0.3693045563549137,-0.083932853717026,0.0263788968824933,-0.0191693290734824,0.0244941427050052,-0.0202342917997869,0.0
393,0.0,0.0,0.0,0.0170394036208733,0.0298189563365282,-0.0149094781682641,0.0
394,0.1534772182254196,-0.045563549160672,0.07673860911271,-0.0074547390841319,-0.0127795527156548,-0.0138445154419595,0.0
395,0.0,-0.0095923261390888,0.0095923261390886,0.0042598509052182,0.0010649627263046,-0.0010649627263045,0.0
396,0.0647482014388494,0.1654676258992806,1.1199040767386093,-0.0042598509052182,-0.0436634717784877,-0.0670926517571885,0.0
397,-0.088729016786571,0.2589928057553958,0.1510791366906474,-0.0138445154419595,-0.0021299254526091,-0.0042598509052182,0.0
398,1.7865707434052762,1.3884892086330938,0.2158273381294964,-0.0681576144834931,-0.1640042598509052,-0.0308839190628328,0.0
399,0.0,0.0,0.0,0.0287539936102237,-0.1107561235356762,0.0468583599574015,0.0
400,-3.1870503597122304,-2.3165467625899283,-0.2086330935251803,0.1011714589989351,0.0724174653887113,0.0489882854100106,0.0
401,-0.3956834532374103,0.2781774580335731,-0.4700239808153474,0.0010649627263045,-0.0830670926517572,0.0340788072417465,0.0
402,0.0,0.0,0.0,-0.0212992545260916,0.0095846645367412,0.0202342917997869,0.0
403,0.3573141486810538,0.3261390887290167,0.1223021582733814,-0.0095846645367412,-0.0191693290734824,-0.0191693290734824,0.0
404,0.0839328537170263,-0.1031175059952039,-0.1366906474820144,-0.0095846645367412,-0.0308839190628328,-0.0181043663471778,0.0
405,-0.2541966426858515,-0.0863309352517985,0.1055155875299762,-0.0085197018104365,0.0170394036208732,0.0287539936102236,0.0
406,-0.565947242206235,0.2302158273381298,-0.4556354916067162,-0.0149094781682641,-0.0553780617678381,-0.0638977635782747,0.0
407,-0.1630695443645087,0.1942446043165466,-0.4748201438848922,0.0021299254526092,-0.0596379126730564,0.0298189563365281,0.0
408,-0.0119904076738617,0.0,0.0119904076738603,-0.0010649627263045,-0.0010649627263046,0.0,0.0
409,0.0119904076738617,-0.0047961630695443,-0.0191846522781773,0.0010649627263045,0.0,0.0021299254526091,0.0
410,0.2230215827338133,-0.3093525179856113,0.2374100719424454,-0.0596379126730565,0.0298189563365283,-0.1778487752928648,0.0
411,-0.412470023980815,-0.0527577937649881,-0.1942446043165464,-0.0404685835995739,0.0447284345047924,0.0106496272630458,0.0
412,-0.0263788968824947,0.1031175059952036,-0.1294964028776979,-0.0149094781682642,-0.0127795527156548,0.0085197018104367,0.0
413,-0.3717026378896886,1.1846522781774578,-0.7961630695443649,-0.0330138445154419,0.0106496272630458,0.0532481363152291,0.0
414,-0.3812949640287773,0.011990407673861,-0.05515587529976,0.0085197018104366,-0.0053248136315229,0.0106496272630457,0.0
415,1.9424460431654675,-0.0743405275779371,-0.2230215827338133,0.0138445154419595,-0.08839190628328,-0.0319488817891374,0.0
416,0.1534772182254205,0.3501199040767386,-0.6378896882494001,-0.0511182108626198,0.1043663471778488,0.0234291799787006,0.0
417,0.0695443645083928,0.0047961630695444,0.4364508393285371,-0.0212992545260916,0.0031948881789136,-0.0489882854100107,0.0
418,0.2038369304556351,0.0335731414868106,0.0935251798561151,-0.0095846645367412,-0.027689030883919,-0.007454739084132,0.0
419,-0.0911270983213423,-0.026378896882494,0.028776978417266,0.0149094781682641,0.0181043663471779,0.0138445154419594,0.0
420,-0.0623501199040767,0.0887290167865704,-0.0791366906474788,-0.0021299254526091,0.0127795527156549,-0.002129925452609,0.0
421,0.563549160671462,-0.4028776978417265,0.189448441247003,0.0244941427050053,0.060702875399361,-0.0287539936102236,0.0
422,-0.0527577937649885,-0.0047961630695443,0.1270983213429257,0.0031948881789136,0.0287539936102236,0.0212992545260915,0.0
423,0.1079136690647479,-0.0215827338129496,0.0095923261390868,0.0031948881789137,0.0095846645367411,0.0500532481363152,0.0
424,-0.014388489208633,-0.0455635491606716,0.0503597122302164,0.0063897763578275,0.0,-0.0063897763578273,0.0
425,0.0,-0.0743405275779376,0.3165467625899278,0.0042598509052182,0.0511182108626197,0.0042598509052184,0.0
426,0.0959232613908871,-0.2182254196642687,0.2637889688249399,0.0191693290734823,0.0425985090521831,0.014909478168264,0.0
427,0.1055155875299753,0.0095923261390888,0.1726618705035978,-0.0117145899893503,0.2044728434504792,-0.0447284345047923,0.0
428,-0.5395683453237403,0.196642685851319,-0.2613908872901678,-0.0106496272630458,-0.0660276890308839,0.0106496272630458,0.0
429,-0.35011990407674,-0.0671462829736211,-0.0119904076738608,0.0063897763578274,-0.0298189563365282,0.0042598509052182,0.0
430,-0.0551558752997625,-0.0935251798561149,-0.2350119904076739,0.0010649627263045,0.0234291799787006,0.0244941427050053,0.0
431,-0.0071942446043165,0.1654676258992804,0.0623501199040781,0.0031948881789136,-0.0127795527156548,-0.0138445154419594,0.0
432,-0.4484412470023962,0.6714628297362111,-0.2254196642685837,0.0010649627263045,0.1767838125665602,0.0447284345047923,0.0
433,1.577937649880095,-0.2589928057553949,-0.1079136690647484,0.0,-0.0042598509052183,-0.0340788072417466,0.0
434,0.0479616306954433,1.2829736211031175,-0.2086330935251794,-0.0095846645367412,-0.1331203407880724,0.0425985090521832,0.0
435,-0.0095923261390886,0.0167865707434056,-0.1366906474820144,-0.0617678381256654,-0.0138445154419595,-0.0340788072417466,0.0
436,0.0503597122302164,-0.028776978417266,0.0095923261390877,0.002129925452609,0.0010649627263046,0.002129925452609,0.0
437,0.321342925659474,0.4364508393285372,-0.5251798561151073,0.0351437699680511,-0.0788072417465388,-0.0181043663471778,0.0
438,-0.0791366906474824,0.1007194244604328,0.1654676258992808,-0.0905218317358891,-0.0042598509052182,-0.0415335463258786,0.0
439,0.0647482014388503,-0.0191846522781774,0.0527577937649885,-0.0181043663471778,0.0553780617678381,0.0031948881789137,0.0
440,0.4292565947242208,-0.1486810551558753,-0.1199040767386092,0.0340788072417465,-0.0734824281150159,-0.0095846645367411,0.0
441,0.0191846522781773,0.0335731414868103,-0.0095923261390886,-0.002129925452609,0.0021299254526092,0.0010649627263044,0.0
442,0.3069544364508393,0.7146282973621103,-0.2757793764988009,0.1064962726304576,-0.2161874334398293,-0.1671991480298189,0.0
443,-0.1366906474820144,0.0671462829736206,-0.1199040767386092,-0.0181043663471777,0.0212992545260915,-0.0212992545260915,0.0
444,-0.0863309352517989,-0.0551558752997602,0.059952038369305,0.0063897763578275,-0.020234291799787,-0.0053248136315228,0.0
445,0.0,0.0071942446043165,0.0311750599520381,0.0,0.0010649627263046,0.0,0.0
446,0.4484412470023979,0.1247002398081535,0.5155875299760204,-0.0298189563365282,0.0585729499467518,-0.1043663471778487,0.0
447,0.1151079136690649,0.1007194244604314,0.1247002398081534,0.0031948881789137,-0.0010649627263046,-0.0181043663471778,0.0
448,0.6762589928057547,0.1726618705035972,0.0959232613908875,-0.0085197018104367,-0.0223642172523962,-0.012779552715655,0.0
449,0.0047961630695443,0.0383693045563546,0.0,0.0042598509052183,0.0053248136315228,0.0053248136315229,0.0
450,0.0,0.0,0.0,0.0734824281150159,-0.0191693290734823,-0.0117145899893502,0.0
451,0.117505995203837,0.1079136690647484,0.0023980815347721,0.0489882854100106,0.0042598509052182,0.0351437699680511,0.0
452,0.002398081534773,0.0023980815347721,0.0167865707434047,0.0,-0.0010649627263046,0.0,0.0
453,-0.0959232613908867,-0.0599520383693046,-0.0959232613908867,0.012779552715655,0.0298189563365282,-0.022364217252396,0.0
454,1.8513189448441256,-0.225419664268585,0.1414868105515583,0.0095846645367412,0.0212992545260916,0.0223642172523961,0.0
455,-0.014388489208633,-0.016786570743406,0.0,-0.0010649627263045,0.0010649627263046,-0.0042598509052183,0.0
456,0.7553956834532389,0.4484412470023982,0.6642685851318912,0.0095846645367411,0.1778487752928647,0.0362087326943557,0.0
457,-2.9784172661870514,-0.6618705035971226,-0.045563549160672,0.0266240681576144,0.1033013844515442,0.2087326943556975,0.0
458,0.0239808153477216,-0.2589928057553958,0.0527577937649881,0.0287539936102236,-0.068157614483493,0.0234291799787008,0.0
459,-0.7721822541966414,0.3237410071942446,-0.103117505995204,-0.0266240681576144,0.0298189563365283,-0.0106496272630457,0.0
460,-0.0671462829736206,-0.0527577937649881,0.1342925659472422,0.0234291799787007,-0.0170394036208732,0.0266240681576145,0.0
461,0.4460431654676258,0.1103117505995204,-0.0047961630695443,-0.0170394036208732,0.0149094781682641,0.0489882854100106,0.0
462,0.0047961630695443,-0.0527577937649885,0.0575539568345355,-0.0106496272630458,-0.0117145899893503,-0.0138445154419595,0.0
463,0.3405275779376495,0.1942446043165464,-0.3764988009592329,0.0149094781682641,-0.0564430244941426,0.0010649627263045,0.0
464,0.537170263788969,0.5035971223021589,-0.3477218225419667,0.0117145899893503,0.012779552715655,0.0362087326943556,0.0
465,-0.0119904076738617,0.026378896882494,-0.0215827338129495,0.0,0.0,-0.0031948881789138,0.0
466,0.0239808153477216,-0.014388489208633,0.0119904076738608,0.0,0.0,0.0010649627263046,0.0
467,1.2134292565947238,-1.2517985611510791,1.5371702637889657,-0.0362087326943557,0.126730564430245,-0.0063897763578273,0.0
468,-3.4364508393285376,-0.1774580335731403,0.3501199040767391,-0.0223642172523962,-0.08839190628328,-0.0010649627263045,0.0
469,-0.4724220623501201,-0.1630695443645082,-0.9904076738609112,0.0021299254526091,0.0010649627263048,-0.0042598509052182,0.0
470,0.0431654676258999,0.3549160671462834,0.0239808153477252,0.0031948881789138,0.0692225772097975,0.0202342917997869,0.0
471,-0.3381294964028773,0.1151079136690647,-0.2709832134292567,0.0010649627263046,-0.1267305644302448,0.0170394036208731,0.0
472,0.0647482014388494,-0.0023980815347721,-0.0455635491606711,0.0,0.0010649627263046,0.0010649627263046,0.0
473,-1.2374100719424463,0.6906474820143882,-1.3621103117506,-0.0319488817891372,-0.1214057507987221,0.0447284345047924,0.0
474,-0.3788968824940051,0.1175059952038366,0.1990407673860907,-0.0063897763578274,0.0255591054313099,0.0543130990415335,0.0
475,0.0383693045563546,0.0767386091127098,0.0623501199040767,-0.0202342917997869,-0.0106496272630457,-0.0117145899893503,0.0
476,0.0,0.0,0.0,0.0,0.0202342917997869,0.0063897763578275,0.0
477,2.534772182254196,-0.7146282973621103,-0.3285371702637887,0.0649627263045793,-0.0745473908413205,0.053248136315229,0.0
478,0.6714628297362113,0.407673860911271,0.757793764988012,0.0298189563365281,0.0585729499467518,0.0127795527156549,0.0
479,0.0,0.0,0.0,-0.0095846645367412,-0.0617678381256656,-0.0319488817891373,0.0
480,0.2014388489208638,0.0599520383693046,0.014388489208633,-0.0021299254526091,-0.0031948881789137,0.0181043663471777,0.0
481,5.232613908872902,1.7386091127098322,-1.3045563549160673,-0.1064962726304579,-0.1554845580404689,-0.182108626198083,0.0
482,-0.1486810551558761,1.2997601918465227,-0.6282973621103114,-0.0394036208732694,-0.1416400425985089,-0.0798722044728433,0.0
483,0.0,0.0,0.0,-0.0021299254526092,-0.0010649627263046,0.0404685835995739,0.0
484,-0.0239808153477234,0.031175059952039,-0.0359712230215825,0.0,0.0,0.0021299254526092,0.0
485,0.925659472422062,0.1270983213429257,-0.1990407673860916,-0.0266240681576144,-0.0127795527156548,-0.0553780617678381,0.0
486,-0.1175059952038368,0.0,-0.1486810551558779,-0.0085197018104365,-0.047923322683706,0.0798722044728434,0.0
487,-0.0575539568345329,0.0191846522781775,-0.0167865707434051,0.0063897763578275,0.0095846645367412,-0.014909478168264,0.0
488,-0.1414868105515587,-0.6714628297362111,-0.1366906474820144,0.0724174653887113,0.0372736954206601,0.0638977635782747,0.0
489,0.0,0.0071942446043165,0.0047961630695443,-0.0031948881789138,-0.0063897763578275,-0.007454739084132,0.0
490,-0.0935251798561154,-0.2709832134292567,-0.1342925659472422,-0.0010649627263045,-0.0638977635782747,0.0298189563365283,0.0
491,0.0335731414868112,-0.0575539568345323,-0.014388489208633,0.0010649627263046,0.0042598509052183,-0.0010649627263044,0.0
492,0.4220623501199032,-0.1414868105515589,-0.3021582733812948,0.0191693290734824,0.027689030883919,-0.0021299254526092,0.0
493,0.7386091127098329,-0.1007194244604317,-0.1055155875299762,0.0042598509052182,0.0713525026624068,-0.0202342917997869,0.0
494,0.158273381294963,-0.119904076738609,-0.0911270983213432,0.0127795527156548,0.0212992545260916,0.0159744408945687,0.0
495,0.1199040767386119,0.4964028776978413,-0.2973621103117506,0.0106496272630457,-0.1650692225772098,0.0575079872204473,0.0
496,0.218225419664269,0.0623501199040772,0.043165467625899,-0.0106496272630457,-0.0031948881789137,-0.0223642172523962,0.0
497,-0.0263788968824929,0.0359712230215825,0.0095923261390891,0.0,0.0021299254526092,-0.002129925452609,0.0
498,-0.0599520383693041,-0.0671462829736211,-0.1534772182254187,-0.035143769968051,0.0,-0.0181043663471779,0.0
499,-0.002398081534773,0.1031175059952038,-0.0095923261390886,-0.0010649627263045,-0.0010649627263044,-0.0063897763578273,0.0
500,-26.87769784172661,-67.50119904076739,44.112709832134286,-0.9872204472843448,-3.441959531416405,-8.87220447284345,1.0
501,-87.17266187050359,98.71702637889688,-18.446043165467632,-4.795527156549522,-12.207667731629384,-18.82108626198083,1.0
502,69.08872901678657,-67.63069544364508,4.944844124700246,0.3397231096911612,3.2289669861554806,23.80404685835996,1.0
503,45.00239808153477,30.095923261390887,5.582733812949634,2.3216187433439828,15.451544195953144,-1.7486687965921188,1.0
504,-76.26858513189448,53.67865707434052,-3.9088729016786488,-1.2971246006389778,8.034078807241746,-5.549520766773165,1.0
505,22.7074340527578,-39.17026378896882,52.49640287769784,-3.4941427050053253,-0.914802981895634,7.586794462193824,1.0
506,-38.63069544364508,36.83932853717027,36.35971223021583,-4.876464323748667,-6.220447284345048,1.2832800851970196,1.0
507,-47.09832134292566,-12.810551558753003,26.78657074340528,0.046858359957401,-7.0969116080937145,15.22790202342918,1.0
508,134.4820143884892,-116.57793764988008,0.4892086330935257,-1.3908413205537808,-3.5750798722044763,12.354632587859422,1.0
509,5.02877697841727,1.484412470023976,0.0,4.43024494142705,10.233226837060704,-6.9850905218317365,1.0
510,-30.69544364508393,37.151079136690655,0.0,4.766773162939297,8.992545260915868,-7.011714589989351,1.0
511,-21.57074340527578,19.96882494004796,-11.031175059952048,3.701810436634717,3.0298189563365288,-3.204472843450477,1.0
512,-19.069544364508392,6.973621103117506,-55.19424460431654,2.631522896698616,1.0266240681576146,-1.867944621938232,1.0
513,2.6594724220623505,-43.89448441247002,17.26139088729017,-1.058572949946752,0.5410010649627264,-0.154419595314164,1.0
514,-3.5395683453237403,86.79856115107913,-23.97841726618705,-3.291799787007455,0.0788072417465386,-1.5963791267305645,1.0
515,-4.705035971223022,55.3621103117506,-21.597122302158272,-1.3642172523961662,0.1661341853035143,0.5367412140575079,1.0
516,7.616306954436452,-49.529976019184645,6.659472422062349,0.548455804046859,1.4014909478168267,2.382321618743344,1.0
517,-11.359712230215829,9.954436450839328,-48.46282973621104,-1.4792332268370605,0.619808306709265,0.4792332268370605,1.0
518,-1.4796163069544364,-3.508393285371703,43.378896882494,-0.6602768903088396,4.438764643237487,0.2683706070287535,1.0
519,-4.290167865707434,25.11031175059952,-52.20143884892086,-6.234291799787007,6.6570820021299255,0.2609158679446219,1.0
520,14.18705035971223,-40.69064748201439,114.03836930455634,-6.368477103301384,10.702875399361025,0.8647497337593184,1.0
521,-34.227817745803364,47.64508393285372,32.64268585131895,17.29073482428115,-0.490947816826413,-4.682641107561236,1.0
522,-34.01918465227818,28.93525179856115,-42.29496402877698,8.3482428115016,-3.743343982960596,-2.566560170394036,1.0
523,42.52278177458034,-45.97841726618705,-30.103117505995204,-0.8455804046858368,-5.116080937167199,3.444089456869009,1.0
524,3.294964028776981,24.093525179856115,-43.99520383693044,-5.122470713525027,3.043663471778488,-0.5665601703940361,1.0
525,-24.297362110311752,-20.870503597122305,60.09352517985611,-0.5697550585729481,4.867944621938232,-1.1054313099041533,1.0
526,-2.671462829736212,11.995203836930456,53.40047961630695,-0.7092651757188498,3.7838125665601705,-3.2342917997870075,1.0
527,20.839328537170264,-18.86570743405276,-74.08153477218227,1.4920127795527158,2.961661341853035,-0.3493077742279018,1.0
528,-47.20623501199041,32.83453237410072,60.05035971223022,-0.2790202342917998,6.3290734824281145,-2.161874334398296,1.0
529,43.44844124700241,-15.11750599520384,-64.59712230215827,7.191693290734825,-0.9659211927582534,2.4589989350372736,1.0
530,-69.04796163069545,-11.585131894484416,-0.3165467625899367,-0.0383386581469649,1.3067092651757193,-0.3375931842385517,1.0
531,-80.05755395683454,-47.65467625899281,-0.0479616306954397,-0.2705005324813632,-1.8221512247071343,-0.9403620873269436,1.0
532,68.23021582733813,55.53237410071942,0.1678657074340463,0.4036208732694355,12.27369542066028,-2.621938232161873,1.0
533,25.2326139088729,47.38369304556355,4.199040767386094,-4.4419595314164,9.775292864749732,3.209797657082002,1.0
534,-40.935251798561154,19.422062350119905,-3.57553956834532,-2.891373801916933,-4.879659211927583,3.130990415335463,1.0
535,-59.03836930455636,29.97122302158273,-0.8153477218225476,0.5835995740149098,1.6837060702875395,-2.384451544195953,1.0
536,35.3621103117506,-20.2494004796163,2.309352517985616,3.313099041533546,2.314164004259851,5.552715654952077,1.0
537,68.04076738609113,-78.18225419664269,41.218225419664265,2.216187433439829,3.175718849840255,4.3620873269435565,1.0
538,26.688249400479613,13.80335731414868,-32.85851318944845,-0.3844515441959544,1.0585729499467518,2.201277955271565,1.0
539,38.13908872901679,-31.37649880095924,22.47721822541968,-1.6613418530351431,-1.5441959531416396,13.598509052183172,1.0
540,-0.4700239808153554,-81.47002398081534,53.37170263788969,1.3013844515441964,1.7316293929712456,-5.7635782747603805,1.0
541,-11.81294964028777,0.0623501199040816,4.949640287769782,2.958466453674121,3.1064962726304577,-10.031948881789138,1.0
542,-42.37649880095923,88.58033573141486,28.06235011990408,1.887113951011714,-0.2939297124600646,-12.562300319488818,1.0
543,5.321342925659472,-45.92326139088729,-21.47961630695444,2.8338658146964857,-8.073482428115016,11.727369542066029,1.0
544,37.17266187050359,-44.24220623501199,9.50119904076739,0.876464323748669,-1.268370607028754,10.444089456869008,1.0
545,-0.0743405275779309,0.2733812949640253,11.978417266187051,-1.5569755058572947,-1.7284345047923324,-14.738019169329071,1.0
546,1.074340527577931,39.31654676258992,-10.570743405275778,-2.451544195953141,-3.174653887113952,5.650692225772098,1.0
547,0.0047961630695425,-32.904076738609106,-16.971223021582734,0.5644302449414269,-1.2609158679446215,2.6187433439829606,1.0
